{"layout": "tiles8x8of32,b=row*8+col", "weights": [[0.8418642861420422, 0.0038032207269139856, 0.004332493131043824], [0.0031724964563015524, 0.8714343562638357, 0.008754029824234122], [0.06215272689892699, 0.06674362443527382, 0.8886131538205169]], "curves": [[0.10441176511812955, 0.10441176511812955, 0.23529411852359772, 0.3529411852359772, 0.5196078568696976, 0.6666666865348816, 0.7529411911964417, 0.821568638086319, 0.8745098114013672, 0.9019607901573181, 0.9215686321258545, 0.9529411792755127, 0.9686274528503418, 0.9754901975393295, 0.9754901975393295, 0.9754901975393295], [0.10392156906891614, 0.10392156906891614, 0.18039216101169586, 0.239215686917305, 0.30980393290519714, 0.3921568691730499, 0.4745098054409027, 0.6039215922355652, 0.686274528503418, 0.7568627595901489, 0.8274509906768799, 0.9372549057006836, 0.9803921580314636, 0.9921568632125854, 1.0, 1.0], [0.0, 0.0, 0.0, 0.0, 1.0248002245736662e-05, 0.005189112308911295, 0.061425406804065344, 0.20334727212502596, 0.3924703247048977, 0.5697658820984889, 0.7221984098044535, 0.827294671659453, 0.8980562424597641, 0.9552417874232941, 0.9897344174020504, 0.9993552675691701]], "mix": 0.498, "rmse": 0.0322}